"Substrate_ACC","Substrate_GN","sites","Peptides","Basal.breast.cancer.rep2.Basal.breast.cancer.rep1.","Luminal.breast.cancer.rep2.Basal.breast.cancer.rep1.","Luminal.breast.cancer.rep1.Basal.breast.cancer.rep1.","Basal.breast.cancer.rep1.Basal.breast.cancer.rep1.","Luminal.breast.cancer.rep3.Basal.breast.cancer.rep1.","Luminal.breast.cancer.rep2.Basal.breast.cancer.rep1..1","Basal.breast.cancer.rep3.Basal.breast.cancer.rep1.","Basal.breast.cancer.rep2.Basal.breast.cancer.rep1..1","Luminal.breast.cancer.rep1.Basal.breast.cancer.rep1..1"
"P84243","H3-3A",NA,NA,-0.096,0.742,0.283,0.242,-0.122,0.67,0.583,-0.055,0.311
"Q16695","H3-4",NA,NA,-0.492,-0.226,-1.212,0.147,-1.735,-0.274,0.16,-0.309,-1.129
"P84243","H3-3A",NA,NA,-0.492,-0.226,-1.212,0.147,-1.735,-0.274,0.16,-0.309,-1.129
"P06748","NPM1",NA,NA,-0.13,1.023,0.621,0.115,1.12,0.957,0.051,-0.128,0.677
"P06748","NPM1",NA,NA,-0.589,0.911,0.587,0.317,0.821,0.902,0.256,0.003,0.656
"P04406","GAPDH",NA,NA,-0.125,1.62,1.582,0.353,1.778,1.579,0.33,-0.127,1.543
"P0C0S5","H2AZ1",NA,NA,-0.295,-1.011,-1.215,0.062,-1.316,-0.967,-0.427,-0.238,-1.34
"P04406","GAPDH",NA,NA,-0.488,1.351,0.989,0.396,1.47,1.248,0.207,-0.034,1.237
"P06748","NPM1",NA,NA,-0.523,0.521,-0.197,0.173,-0.113,0.517,-0.224,-0.288,-0.146
"Q96A08","H2BC1",NA,NA,-0.095,0.304,0.204,0.179,0.029,0.254,-0.031,-0.245,0.11
"Q15233","NONO",NA,NA,-0.156,0.226,0.092,0.164,0.478,-0.004,0.757,-0.133,0.037
"Q15596","NCOA2",NA,NA,-0.075,0.206,0.171,0.043,0.355,0.198,0.129,0.042,0.092
"P16401","H1-5",NA,NA,-0.388,0.385,0.212,0.137,-0.063,0.33,0.439,-0.205,0.201
"P04406","GAPDH",NA,NA,-0.528,1.894,1.505,0.378,2.092,1.959,-0.016,0.057,1.148
"P04406","GAPDH",NA,NA,-0.253,0.826,0.565,0.255,1.037,1.09,0.03,0.116,0.902
"Q96A08","H2BC1",NA,NA,-0.209,0.193,-0.104,-0.058,0.147,0.266,0.431,-0.117,-0.101
"P17844","DDX5",NA,NA,-0.114,-0.083,-0.334,0.311,-0.374,0.013,-0.052,-0.186,-0.213
"P04406","GAPDH",NA,NA,-0.382,1.585,1.514,0.347,1.53,1.407,0.139,0.005,1.213
"P04406","GAPDH",NA,NA,-0.249,1.641,1.363,0.548,2.006,1.419,0.188,0.015,1.526
"Q03111","MLLT1",NA,NA,-0.086,-0.287,-0.522,0.3,-0.029,-0.052,0.414,0.036,-0.245
"Q09472","EP300",NA,NA,-0.195,-0.425,-1.392,0.109,-1.225,-1.083,-0.693,-0.623,-1.898
"Q15233","NONO",NA,NA,-0.255,-0.187,-0.371,0.204,-0.353,-0.21,0.031,-0.268,-0.362
"Q09472","EP300",NA,NA,-0.438,-0.582,-0.479,0.265,-0.548,-0.274,0.052,-0.103,-0.446
"P04406","GAPDH",NA,NA,-0.183,1.672,1.526,0.623,1.805,1.776,0.525,0.079,1.541
"P06748","NPM1",NA,NA,-0.168,0.511,0.321,0.394,0.486,0.613,0.399,-0.262,0.453
"P35579","MYH9",NA,NA,-0.208,2.539,2.13,0.802,2.361,2.509,0.55,0.349,2.079
"Q09472","EP300",NA,NA,-0.108,0.296,0.266,0.568,0.364,0.145,0.361,0.296,-0.02
"Q15596","NCOA2",NA,NA,-0.148,0.166,0.271,0.35,0.03,0.297,0.072,0.568,-0.088
"Q9HAF1","MEAF6",NA,NA,-0.403,-0.688,-0.898,0.071,-1.14,-0.709,-0.465,-0.412,-1.08
"O95251","KAT7",NA,NA,-0.25,-0.459,-0.662,0.011,-0.281,-0.275,0.027,-0.319,-0.563
"Q9Y5B9","SUPT16H",NA,NA,-0.447,-0.339,-0.434,0.1,-0.355,-0.066,0.075,0.366,-0.179
"Q09472","EP300",NA,NA,0.013,-0.474,-0.412,0.152,-0.524,-0.317,-0.029,0.02,-0.473
"Q16576","RBBP7",NA,NA,-0.636,-0.286,-0.542,0.164,-0.294,-0.197,-0.318,-0.35,-0.135
"P04406","GAPDH",NA,NA,-0.207,1.532,1.356,0.382,1.698,1.354,0.329,0.279,1.172
"P07900","HSP90AA1",NA,NA,1.683,0.194,0.277,0.416,0.452,0.159,0.845,0.268,0.567
"P06748","NPM1",NA,NA,-0.259,0.233,0.157,0.107,-0.138,0.185,0.206,-0.186,-0.037
"P08670","VIM",NA,NA,-0.186,0.974,0.976,0.293,0.783,0.999,0.215,0.096,0.985
"Q09472","EP300",NA,NA,-0.261,-0.98,-1.14,-0.121,-1.75,-0.878,0.044,-0.471,-1.054
"P09622","DLD",NA,NA,0.023,0.291,-0.154,0.297,0.098,0.09,-0.107,0.224,0.037
"Q09472","EP300",NA,NA,-0.235,-0.6,-0.774,0.106,-0.644,-0.537,-0.051,-0.165,-0.871
"P12956","XRCC6",NA,NA,-0.112,-0.021,-0.143,0.107,-0.079,-0.031,0.164,0.111,-0.138
"P0C0S5","H2AZ1",NA,NA,-0.273,-2.004,-2.269,0.073,-2.729,-2.188,-0.186,-0.197,-2.602
"P06748","NPM1",NA,NA,-0.119,0.213,0.332,0.216,0.452,0.349,0.207,0.204,0.179
"Q9H0E9","BRD8",NA,NA,0.105,-1.067,-1.931,-0.011,-1.724,-2.376,0.04,0.019,-1.611
"P62805","H4C1",NA,NA,-0.052,0.102,-0.176,0.035,-0.857,0.102,0.404,0.033,-0.07
"P09622","DLD",NA,NA,-0.201,0.305,0.188,0.088,0.386,0.4,0.148,-0.108,0.176
"P08670","VIM",NA,NA,-0.646,2.47,3.008,0.587,2.678,2.516,0.335,0.398,2.835
"P04406","GAPDH",NA,NA,-0.039,0.298,0.142,0.194,0.48,0.451,-0.236,-0.143,0.203
"P63104","YWHAZ",NA,NA,-0.451,0.979,0.671,0.298,1.266,0.951,0.18,0.076,0.767
"P09622","DLD",NA,NA,-0.356,0.379,-0.033,0.104,0.329,0.333,0.053,0.015,0.349
"P60900","PSMA6",NA,NA,-0.223,0.256,-0.112,0.158,0.077,0.037,-0.094,-0.107,-0.162
"P63104","YWHAZ",NA,NA,0.215,0.374,0.087,0.046,0.445,0.925,0.046,2.693,0.158
"P08670","VIM",NA,NA,-0.112,0.702,0.949,0.149,0.797,0.649,0.455,0.004,0.804
"P00367","GLUD1",NA,NA,-0.52,0.743,0.461,-0.047,0.73,0.727,0.118,-0.059,0.487
"P04406","GAPDH",NA,NA,-0.314,0.936,0.873,0.194,1.035,1.074,-0.02,-0.006,0.933
"P07900","HSP90AA1",NA,NA,-0.242,0.457,0.399,0.313,0.424,0.634,-0.009,0.567,0.291
"P48436","SOX9",NA,NA,-0.3,-1.728,-1.873,0.062,-1.963,-1.536,-0.127,-0.133,-1.884
"Q15291","RBBP5",NA,NA,-0.166,-0.399,-0.444,-0.006,-0.871,-0.443,-0.004,-0.155,-0.601
"P06748","NPM1",NA,NA,-0.099,1.291,0.967,0.233,1.501,1.371,0.283,0.239,0.986
"P17844","DDX5",NA,NA,-0.373,-0.118,-0.102,0.049,-0.231,-0.129,-0.156,-0.04,-0.182
"Q15233","NONO",NA,NA,-0.233,0.361,0.179,0.146,0.247,0.55,0.046,0.161,0.22
"P78527","PRKDC",NA,NA,-0.21,0.293,0.55,0.188,0.511,0.573,0.12,0.305,0.167
"P99999","CYCS",NA,NA,-0.197,0.292,0.076,0.401,0.534,0.355,0.372,0.027,0.253
"P04406","GAPDH",NA,NA,-0.517,0.727,0.328,0.232,1.097,0.854,-0.076,-0.464,0.449
"P11142","HSPA8",NA,NA,0.002,0.214,0.083,0.202,0.202,0.252,0.035,0.173,0.071
"P51610","HCFC1",NA,NA,-0.044,-0.332,-0.618,0.099,-0.231,-0.352,0.233,-0.218,-0.571
"Q04206","RELA",NA,NA,-0.115,0.347,0.216,0.146,0.246,0.425,0.2,0.074,0.264
"O14929","HAT1",NA,NA,-0.14,-1.447,-1.532,-0.051,-2.002,-1.418,-0.148,-0.275,-1.511
"P09622","DLD",NA,NA,-0.237,0.132,-0.155,-0.011,0.178,0.197,0.237,-0.304,-0.065
"P08670","VIM",NA,NA,-0.211,0.796,0.856,0.159,0.862,0.843,0.192,-0.146,0.918
"P04406","GAPDH",NA,NA,-0.272,1.007,1.027,0.379,1.271,1.12,0.145,0.327,0.934
"Q92922","SMARCC1",NA,NA,-0.08,-0.125,-0.325,0.173,-0.342,-0.226,0.46,0.077,-0.353
"Q15596","NCOA2",NA,NA,-0.457,0.351,0.021,-0.025,0.079,0.305,-0.191,-0.13,0.164
"P06748","NPM1",NA,NA,-0.086,1.144,0.792,0.352,1.279,1.069,0.455,0.253,0.862
"P62826","RAN",NA,NA,-0.143,0.17,0.161,0.133,0.472,0.358,0.189,-0.181,0.122
"P08670","VIM",NA,NA,-0.721,0.496,0.784,0.339,0.807,0.691,0.074,0.04,0.846
"P35579","MYH9",NA,NA,-0.26,0.79,0.494,0.171,0.768,0.766,0.214,-0.091,0.548
"P99999","CYCS",NA,NA,-0.034,0.246,0.284,0.029,0.761,0.437,0.306,0.056,0.274
"P63104","YWHAZ",NA,NA,-0.034,1.25,1.149,0.39,1.263,1.299,0.587,0.167,1.113
"P16401","H1-5",NA,NA,-0.236,-1.435,-1.816,0.077,-2.302,-1.167,0.429,-0.111,-1.581
"P39748","FEN1",NA,NA,-0.323,-0.977,-1.067,0.038,-1.466,-0.922,-0.266,-0.269,-1.093
"Q92922","SMARCC1",NA,NA,-0.145,-2.523,-2.739,-0.219,-3.302,-2.008,-0.161,-0.294,-2.886
"P08670","VIM",NA,NA,-0.278,0.258,0.238,0.117,0.148,0.329,-0.034,-0.075,0.234
"Q08211","DHX9",NA,NA,-0.312,-0.918,-0.893,0.215,-0.746,-0.757,-0.188,-0.224,-1.489
"Q16695","H3-4",NA,NA,0.017,0.202,-0.213,-0.123,-0.572,0.437,0.701,-0.011,-0.137
"P84243","H3-3A",NA,NA,0.017,0.202,-0.213,-0.123,-0.572,0.437,0.701,-0.011,-0.137
"P78527","PRKDC",NA,NA,-0.431,-0.114,-0.473,0.144,-0.057,-0.186,-0.129,-0.287,-0.57
"P63104","YWHAZ",NA,NA,-0.1,1.26,0.815,0.149,1.457,1.304,0.339,-0.051,1.049
"Q13263","TRIM28",NA,NA,-0.171,0.716,0.447,0.097,0.77,0.749,0.324,0.006,0.409
"P99999","CYCS",NA,NA,0.06,-0.086,-0.214,0.065,0.284,-0.123,0.536,0.209,-0.231
"P11142","HSPA8",NA,NA,-0.19,0.378,0.213,0.202,0.411,0.309,0.08,-0.02,0.311
"P78527","PRKDC",NA,NA,-0.319,-0.005,-0.16,0.132,0.052,0.146,-0.009,-0.138,-0.318
"P06748","NPM1",NA,NA,-0.329,0.888,0.931,-0.102,1.092,0.828,1.281,-0.6,1.001
"P63104","YWHAZ",NA,NA,-0.19,0.668,0.583,0.212,0.825,0.759,0.105,0.024,0.374
"P09622","DLD",NA,NA,-0.223,0.273,0.091,0.142,0.273,0.319,0.155,0.092,0.128
"P04406","GAPDH",NA,NA,0.097,0.386,0.37,0.313,0.449,0.516,0.258,-0.048,0.58
"P16403","H1-2",NA,NA,0.058,0.444,0.413,0.336,0.455,0.563,0.459,0.48,0.579
"Q02880","TOP2B",NA,NA,-0.158,-1.886,-2.299,0.099,-2.819,-1.755,0.186,-0.273,-2.228
"P16403","H1-2",NA,NA,-0.158,0.8,0.606,0.279,0.47,0.901,0.423,-0.141,0.714
"P35579","MYH9",NA,NA,-0.151,0.376,0.313,0.04,0.367,0.462,0.112,-0.074,0.312
"P16403","H1-2",NA,NA,-0.087,0.085,-0.064,0.204,0.066,0.113,0.202,0.029,-0.082
"P63167","DYNLL1",NA,NA,-0.235,-0.635,-0.896,0.126,-0.807,-0.608,0.146,-0.005,-0.805
"P63104","YWHAZ",NA,NA,-0.287,-2.301,-3.2,-0.002,-3.127,-2.438,-0.091,-0.238,-2.693
"Q09472","EP300",NA,NA,-0.365,0.013,-0.676,0.064,-0.392,-0.628,0.059,0.102,-0.675
"Q09472","EP300",NA,NA,-0.684,-0.02,-0.268,0.145,-0.307,-0.201,-0.265,-0.194,-0.348
"P63104","YWHAZ",NA,NA,-0.141,1.01,0.669,0.294,0.812,0.881,0.146,0.529,0.56
"P13010","XRCC5",NA,NA,-0.379,0.227,0.248,0.042,0.442,0.197,0.43,-0.074,0.215
"Q9UKV3","ACIN1",NA,NA,-0.284,0.207,-0.263,0.052,0.095,0.099,-0.118,-0.111,-0.136
"P06748","NPM1",NA,NA,-0.04,-2.294,-2.571,-0.036,-3.23,-2.104,-0.068,-0.049,-2.485
"Q13263","TRIM28",NA,NA,-0.28,0.626,0.653,0.162,0.942,0.755,0.211,-0.113,0.623
"P06748","NPM1",NA,NA,-0.04,-2.294,-2.571,-0.036,-3.23,-2.104,-0.068,-0.049,-2.485
"Q09472","EP300",NA,NA,-0.359,-0.373,-0.672,0.138,-0.503,-0.367,0.034,0.553,-0.757
"Q9HAF1","MEAF6",NA,NA,-0.175,-0.778,-0.844,0.037,-0.899,-0.58,0.063,0.062,-0.989
"O75367","MACROH2A1",NA,NA,-0.22,0.142,-0.066,0.072,-0.098,0.097,-0.014,-0.026,0.062
"P35579","MYH9",NA,NA,-0.09,2.331,2.073,0.385,2.573,2.251,0.673,0.12,2.178
"P08670","VIM",NA,NA,-0.151,1.073,1.071,0.383,1.025,0.604,0.731,0.168,1.037
"Q03111","MLLT1",NA,NA,-0.071,-0.295,-0.671,0.005,-0.71,-0.48,0.015,-0.221,-0.503
"Q13263","TRIM28",NA,NA,-0.081,0.403,0.412,0.133,0.693,0.614,0.36,0.033,0.374
"P11142","HSPA8",NA,NA,0.013,0.277,0.155,0.221,0.333,0.298,0.158,-0.038,0.093
"P78527","PRKDC",NA,NA,-0.293,0.166,-0.133,-0.021,0.188,0.077,-0.063,-0.257,-0.221
"P00367","GLUD1",NA,NA,-0.281,0.324,0.184,0.234,0.296,0.202,-0.211,-0.097,0.17
"P78527","PRKDC",NA,NA,-0.334,0.13,-0.38,0.201,-0.032,0.03,-0.075,-0.257,-0.331
"P00367","GLUD1",NA,NA,-0.067,0.62,0.471,0.27,0.675,0.765,0.066,0.101,0.516
"Q09472","EP300",NA,NA,-0.173,-1.754,-2.059,0.089,-2.787,-1.602,-0.363,-0.173,-2.188
"Q06330","RBPJ",NA,NA,-0.312,0.366,0.436,0.137,0.191,0.411,-0.059,-0.026,0.362
"P08670","VIM",NA,NA,-0.67,0.978,1.148,0.12,0.495,0.352,-0.217,-0.357,0.593
"O00330","PDHX",NA,NA,-0.263,-0.944,-1.55,0.248,-1.287,-1.192,-0.318,-0.275,-1.188
"P17844","DDX5",NA,NA,-0.272,0.142,-0.087,-0.012,-0.315,0.02,0.245,-0.289,-0.155
"P08670","VIM",NA,NA,-0.161,0.653,0.814,0.238,0.731,0.677,0.303,0.087,0.636
"P16403","H1-2",NA,NA,-0.024,-0.299,-0.592,0.146,-0.969,-0.454,0.438,0.055,-0.696
"Q9H0E9","BRD8",NA,NA,-0.453,-0.173,0.174,0.16,0.016,0.118,0.129,-0.119,-0.196
"O94776","MTA2",NA,NA,-0.172,-1.071,-1.784,-0.023,-1.716,-1.358,-0.167,-0.304,-1.912
"P11142","HSPA8",NA,NA,0.002,0.591,0.436,0.14,0.664,0.429,0.336,0.297,0.368
"Q96A08","H2BC1",NA,NA,-0.444,3.06,2.306,0.855,2.867,3.085,1.306,0.564,2.362
"P84243","H3-3A",NA,NA,0.384,0.717,0.748,0.046,0.418,0.886,1.228,1.754,0.85
"Q8WYB5","KAT6B",NA,NA,-0.077,-1.593,-1.574,-0.059,-1.788,-1.541,0.158,-0.105,-1.612
"P07900","HSP90AA1",NA,NA,-0.323,-0.016,-0.342,0.148,-0.068,0.102,0.082,0.119,-0.148
"Q13547","HDAC1",NA,NA,-0.574,-0.072,-0.162,-0.005,0.04,0.071,-0.34,-0.199,-0.411
"P78527","PRKDC",NA,NA,-0.575,0.331,-0.143,-0.195,0.456,0.15,0.146,-0.167,0.119
"P63104","YWHAZ",NA,NA,0.074,0.37,0.565,0.044,0.352,0.423,0.251,0.051,0.243
"Q9UER7","DAXX",NA,NA,0.368,-0.347,-0.238,0.065,-0.396,-0.341,0.245,-0.279,-0.564
"Q15843","NEDD8",NA,NA,-0.307,-0.289,-0.239,-0.027,-0.182,0.085,0.048,0.288,-0.279
"P51532","SMARCA4",NA,NA,-0.227,-0.502,-0.766,0.082,-0.861,-0.617,0.032,0.595,-0.996
"P04406","GAPDH",NA,NA,-0.323,0.789,0.738,0.211,1.013,0.842,0.316,-0.084,0.859
"Q03164","KMT2A",NA,NA,-0.166,-0.22,-0.078,0.412,0.148,0.344,0.62,3.261,0.147
"Q14151","SAFB2",NA,NA,-0.45,-0.659,-0.674,-0.047,-0.462,-0.452,-0.148,-0.326,-0.753
"P08670","VIM",NA,NA,0.861,1.785,1.954,0.495,1.973,2.104,1.558,1.214,1.964
"P99999","CYCS",NA,NA,-0.175,0.272,0.393,0.159,0.629,0.293,0.106,0.027,0.368
"P12004","PCNA",NA,NA,-0.227,-0.544,-0.896,0.254,-0.656,-0.888,-0.004,-0.412,-0.784
"Q92794","KAT6A",NA,NA,-0.266,-0.705,-0.946,0.056,-0.92,-0.451,-0.671,-0.36,-0.963
"P00367","GLUD1",NA,NA,-0.141,1.764,1.584,0.464,1.958,1.751,1.04,0.202,1.415
"P35659","DEK",NA,NA,-0.169,-0.046,-0.088,0.223,0.089,0.128,0.271,0.787,-0.051
"P78527","PRKDC",NA,NA,-0.387,0.577,0.06,-0.231,0.681,0.526,-0.079,-0.052,0.186
"P42285","MTREX",NA,NA,-0.392,-0.011,-0.194,-0.042,-0.306,-0.023,-0.299,-0.172,-0.427
"Q14676","MDC1",NA,NA,-0.239,-0.73,-1.301,0.1,-0.834,-0.821,-0.08,-0.212,-1.068
"Q02447","SP3",NA,NA,-0.172,0.985,0.855,-0.202,0.547,0.753,0.547,-0.288,0.143
"P11142","HSPA8",NA,NA,-0.404,-0.249,-0.7,-0.096,-0.073,-0.177,0.035,-0.354,-0.601
"P13010","XRCC5",NA,NA,-0.244,0.301,0.03,0.129,0.092,0.288,-0.027,-0.086,0.155
"Q92769","HDAC2",NA,NA,-0.389,-0.654,-0.683,0.148,-0.638,-0.501,0.286,-0.319,-0.803
"P35579","MYH9",NA,NA,-0.196,0.129,0.117,0.188,0.401,0.187,0.471,0.807,0.189
"Q02078","MEF2A",NA,NA,-0.346,0.312,0.189,0.445,0.382,0.216,0.262,0.026,0.039
"P07900","HSP90AA1",NA,NA,-0.333,-0.34,-0.391,0.105,-0.432,0.049,0.017,-0.068,-0.373
"P78527","PRKDC",NA,NA,-0.183,0.106,-0.08,0.263,0.092,0.34,0.093,0.176,0.197
"P07305","H1-0",NA,NA,-0.536,1.61,1.518,0.545,1.5,1.404,0.271,0.004,1.631
"P11142","HSPA8",NA,NA,-0.292,-0.286,-0.081,-0.183,-0.036,-0.495,0.276,-0.122,-0.213
"P78527","PRKDC",NA,NA,-0.076,0.25,0.043,0.27,0.413,0.311,0.214,-0.044,0.085
"P09622","DLD",NA,NA,-0.593,0.083,-0.3,0.101,-0.297,0.196,-0.071,-0.227,-0.053
"P62805","H4C1",NA,NA,0.066,-0.569,-0.102,0.216,-0.059,0.142,-0.183,0.773,-0.097
"P08670","VIM",NA,NA,-0.597,2.043,1.932,0.491,1.729,2.056,0.037,0.098,1.92
"P78527","PRKDC",NA,NA,-0.18,0.091,0.063,0.252,0.215,0.253,0.188,0.051,0.001
"Q16695","H3-4",NA,NA,0.222,0.675,0.618,0.391,0.383,0.587,0.577,0.284,0.627
"P84243","H3-3A",NA,NA,0.222,0.675,0.618,0.391,0.383,0.587,0.577,0.284,0.627
"P55854","SUMO3",NA,NA,-0.481,-1.06,-0.757,0.17,-0.445,-0.809,-0.183,-0.368,-1.223
"P55854","SUMO3",NA,NA,-0.481,-1.06,-0.757,0.17,-0.445,-0.809,-0.183,-0.368,-1.223
"P35579","MYH9",NA,NA,-0.337,0.358,0.077,0.178,0.335,0.331,-0.154,-0.017,0.042
"P55854","SUMO3",NA,NA,-0.021,0.081,-0.113,0.104,0.274,0.174,0.151,-0.001,-0.001
"P62805","H4C1",NA,NA,0.048,0.302,0.246,0.165,0.115,0.38,0.383,0.071,0.066
"Q9H0E9","BRD8",NA,NA,-0.139,-0.249,-0.285,0.035,-0.359,-0.101,-0.045,-0.124,-0.331
"Q15596","NCOA2",NA,NA,-0.366,0.27,-0.134,0.071,0.054,0.202,0.04,-0.216,0.092
"Q03111","MLLT1",NA,NA,-0.309,-0.279,-0.319,0.149,-0.298,0.048,0.027,-0.229,-0.075
"Q9UKV3","ACIN1",NA,NA,-0.284,-0.11,-0.042,-0.013,-0.273,0.192,-0.012,-0.28,-0.123
"P35579","MYH9",NA,NA,-0.335,0.298,0.154,-0.023,0.388,0.329,-0.095,-0.077,0.255
"O14745","NHERF1",NA,NA,-0.078,-0.032,-0.242,0.034,0.03,0.05,0.401,0.161,-0.1
"Q13263","TRIM28",NA,NA,-0.5,-0.776,-1.012,0.23,-0.636,-0.853,-0.818,-0.319,-1.234
"P09622","DLD",NA,NA,-0.266,0.333,0.167,0.095,0.04,0.262,0.046,-0.074,0.017
"Q8WYB5","KAT6B",NA,NA,-0.371,0.356,0.145,0.169,0.379,0.694,0.112,-0.301,0.358
"Q92794","KAT6A",NA,NA,-0.371,0.356,0.145,0.169,0.379,0.694,0.112,-0.301,0.358
"Q8WYB5","KAT6B",NA,NA,-0.371,0.356,0.145,0.169,0.379,0.694,0.112,-0.301,0.358
"Q92794","KAT6A",NA,NA,-0.371,0.356,0.145,0.169,0.379,0.694,0.112,-0.301,0.358
"P11142","HSPA8",NA,NA,-0.367,0.005,-0.25,0.024,-0.33,-0.024,-0.213,0.001,-0.145
"Q15648","MED1",NA,NA,-0.265,-0.104,-0.015,0.198,-0.177,0.048,0.259,1.654,-0.162
"P11142","HSPA8",NA,NA,0.174,-0.342,-0.827,0.205,-0.546,-0.489,-0.268,0.116,-0.649
"P06748","NPM1",NA,NA,-0.081,0.613,0.565,0.2,0.587,0.524,0.216,0.28,0.496
"P07900","HSP90AA1",NA,NA,-0.19,0.215,-0.074,0.068,0.094,0.222,0.045,0.014,-0.189
"Q03111","MLLT1",NA,NA,-0.235,-0.25,-0.513,0.024,-0.126,-0.255,0.177,-0.281,-0.383
"P13010","XRCC5",NA,NA,-0.382,0.633,0.38,0.343,0.081,0.207,0.264,-0.311,0.227
"Q9UKV3","ACIN1",NA,NA,1.14,1.434,1.05,-0.037,0.127,1.126,1.064,-0.318,-0.21
"P00367","GLUD1",NA,NA,-0.083,0.695,0.529,0.328,0.722,0.71,0.162,-0.227,0.511
"P13611","VCAN",NA,NA,-0.063,1.597,1.788,0.43,1.589,1.385,0.762,0.314,1.93
"P06748","NPM1",NA,NA,-0.185,0.814,0.883,0.072,0.707,0.879,0.002,0.006,0.942
"P12882","MYH1",NA,NA,-1.423,-1.308,-1.705,0.031,-1.236,-1.398,-1.121,-1.077,-1.806
"Q15291","RBBP5",NA,NA,-0.246,-1.147,-1.481,-0.102,-0.922,-1.336,0.212,-0.369,-1.312
"P13010","XRCC5",NA,NA,-0.255,0.04,-0.137,0.188,0.16,0.254,0.123,-0.155,-0.054
"Q13263","TRIM28",NA,NA,-0.489,0.139,-0.056,-0.249,0.237,0.117,0.019,-0.486,-0.067
"O94776","MTA2",NA,NA,-0.079,-0.185,-0.269,0.327,-0.048,0.102,0.328,-0.01,-0.409
"Q09472","EP300",NA,NA,-0.238,-0.44,-0.443,-0.277,0.555,-0.248,0.476,0.282,-0.63
"P35579","MYH9",NA,NA,-0.082,0.289,0.352,0.271,0.235,0.285,0.059,-0.151,0.3
"O75367","MACROH2A1",NA,NA,-0.306,1.033,0.699,0.342,0.983,0.924,0.339,0.08,0.579
"P07900","HSP90AA1",NA,NA,-0.084,0.049,-0.042,0.182,-0.059,0.163,0.189,-0.007,0.025
"Q16695","H3-4",NA,NA,0.064,-0.948,-0.728,0.154,-1.164,-0.497,0.058,0,-0.948
"P55854","SUMO3",NA,NA,0.094,0.156,0.184,0.297,0.256,0.364,0.393,1.533,0.164
"Q4LE39","ARID4B",NA,NA,0.086,0.219,0.079,0.318,0.264,0.24,0.191,0.168,0.16
"Q9Y6Q9","NCOA3",NA,NA,-0.412,0.453,-0.038,0.241,-0.221,0.315,0.025,-0.148,0.029
"P11142","HSPA8",NA,NA,-0.375,0.135,-0.287,-0.02,0.023,0.08,-0.09,-0.225,-0.012
"P04406","GAPDH",NA,NA,-0.107,0.092,0.016,0.155,0.172,0.078,0.374,0.082,0.223
"P53675","CLTCL1",NA,NA,-0.111,0.627,0.585,0.151,0.717,0.643,0.352,1.277,0.457
"P08670","VIM",NA,NA,-0.166,0.022,0.116,0.214,0.116,0.26,0.536,0.36,0.274
"P07900","HSP90AA1",NA,NA,-0.067,-2.429,-2.88,-0.14,-3.381,-2.453,-0.392,-0.178,-3.225
"Q15648","MED1",NA,NA,-0.306,-0.122,-0.249,0.015,-0.149,-0.185,0.11,-0.121,-0.094
"P11142","HSPA8",NA,NA,0.283,0.091,0.333,0.069,0.349,0.33,0.287,-0.283,-0.022
"P27695","APEX1",NA,NA,-0.181,-0.515,-0.786,-0.093,-0.683,-0.398,-0.446,-0.308,-0.625
"P42285","MTREX",NA,NA,-0.398,-0.157,-0.496,0.134,-0.302,-0.049,0.017,-0.062,-0.299
"P42285","MTREX",NA,NA,-0.525,0.387,-0.141,0.224,0.155,0.51,-0.282,-0.344,0.129
"P78527","PRKDC",NA,NA,-0.073,-0.871,-0.854,-0.033,-0.768,-0.732,0.655,-0.098,-0.862
"P16401","H1-5",NA,NA,0.085,0.631,0.37,0.338,0.469,0.619,0.45,0.233,0.398
"Q02539","H1-1",NA,NA,0.085,0.631,0.37,0.338,0.469,0.619,0.45,0.233,0.398
"P16403","H1-2",NA,NA,0.085,0.631,0.37,0.338,0.469,0.619,0.45,0.233,0.398
"Q9Y618","NCOR2",NA,NA,-0.145,-0.248,-0.353,0.116,-0.544,-0.169,0.371,-0.092,-0.397
"P60900","PSMA6",NA,NA,-0.293,-0.541,-0.494,0.111,-0.482,-0.484,-0.094,-0.2,-0.559
"Q15004","PCLAF",NA,NA,-0.451,0.491,0.202,0.112,0.727,0.638,0.104,-0.101,0.378
"P07305","H1-0",NA,NA,-0.682,0.755,0.94,0.097,0.427,1.081,0.128,-0.222,0.95
"Q14676","MDC1",NA,NA,-0.224,-0.417,-0.725,0.094,-0.696,-0.419,0.19,-0.043,-0.739
"P40763","STAT3",NA,NA,-0.23,-0.025,-0.061,0.132,-0.173,-0.08,0.127,0.062,-0.032
"P07900","HSP90AA1",NA,NA,-0.013,0.828,0.556,0.545,0.926,0.818,0.645,2.125,0.488
"P35579","MYH9",NA,NA,-0.501,0.278,0.312,-0.068,0.289,0.526,-0.129,-0.163,0.221
"Q03111","MLLT1",NA,NA,-0.19,-1.224,-1.575,0.079,-2.107,-0.953,-0.24,-0.017,-1.366
"P63167","DYNLL1",NA,NA,-0.083,0.173,0.181,0.082,0.051,0.119,0.014,-0.128,0.116
"P35659","DEK",NA,NA,-0.221,-1.956,-1.938,-0.012,-2.307,-1.788,-0.232,-0.116,-2.298
"P63167","DYNLL1",NA,NA,0.591,-0.438,-0.034,0.07,-0.664,-0.459,0.343,0.442,-0.351
"P11142","HSPA8",NA,NA,0.23,1.019,0.864,-0.026,1.013,0.995,0.996,0.095,0.624
"P13010","XRCC5",NA,NA,-0.153,0.58,0.198,0.24,0.87,0.554,0.392,-0.124,0.421
"Q02880","TOP2B",NA,NA,-0.225,-0.361,-0.567,0.14,-0.616,-0.335,-0.041,-0.213,-0.677
"Q13573","SNW1",NA,NA,-0.19,0.165,0.036,0.27,0.08,0.336,0.296,0.171,0
"Q03111","MLLT1",NA,NA,-0.294,-0.315,-0.393,0.185,-0.464,-0.271,-0.116,-0.192,-0.427
"Q15257","PTPA",NA,NA,-0.265,0.989,0.68,0.16,1.05,0.923,-0.044,0.068,0.811
"P12882","MYH1",NA,NA,-1.292,-1.124,-1.603,0,-1,-1.101,-0.903,-1.231,-1.496
"O00330","PDHX",NA,NA,-0.325,0.581,0.487,-0.007,0.478,0.644,0.064,0.29,0.359
"P13010","XRCC5",NA,NA,-0.109,0.072,-0.155,0.361,0.057,-0.066,0.094,0.125,-0.198
"P07900","HSP90AA1",NA,NA,0.032,0.278,0.055,0.063,0.178,0.077,0.134,0.108,-0.215
"Q92769","HDAC2",NA,NA,0.967,-0.885,-0.737,0.122,-0.948,-1.051,0.282,-0.269,-1.316
"Q13547","HDAC1",NA,NA,0.967,-0.885,-0.737,0.122,-0.948,-1.051,0.282,-0.269,-1.316
"Q02880","TOP2B",NA,NA,-0.403,-0.617,-0.873,0.336,-0.846,-0.682,-0.279,-0.262,-0.946
"P0C0S5","H2AZ1",NA,NA,-0.261,-0.566,-0.965,0.109,-1.524,-0.935,0.165,-0.289,-1.572
"Q14676","MDC1",NA,NA,-0.542,-0.797,-0.821,-0.142,-0.756,-0.449,0.074,-0.167,-0.861
"P52701","MSH6",NA,NA,-0.314,-1.196,-1.463,0.129,-1.47,-0.915,0.041,0.52,-1.139
"P78527","PRKDC",NA,NA,-0.311,-0.148,-0.431,0.114,0.129,-0.265,-0.093,-0.237,-0.5
"P78527","PRKDC",NA,NA,-0.482,-0.082,-0.102,0.132,-0.085,-0.001,-0.137,0.754,-0.254
"Q09472","EP300",NA,NA,-0.56,-0.422,-0.835,0.249,-0.472,-0.706,-0.612,-0.66,-0.817
"P63165","SUMO1",NA,NA,0.419,0.117,-0.076,0.254,-0.114,0.029,0.564,0.379,-0.282
"Q09472","EP300",NA,NA,-0.566,-0.331,-0.374,0.022,-0.3,-0.125,-0.139,-0.238,-0.294
"Q03164","KMT2A",NA,NA,0.291,0.242,0.25,0.448,0.326,0.473,0.703,0.176,0.036
"Q09472","EP300",NA,NA,-0.152,-0.174,0.363,0.331,0.309,0.253,0.349,-0.041,0.488
"O15305","PMM2",NA,NA,-0.115,0.408,0.152,0.245,0.59,0.345,0.262,0.215,0.3
"Q13263","TRIM28",NA,NA,-0.401,-0.131,-0.466,0.063,-0.3,-0.199,0.046,0.502,-0.275
"P35579","MYH9",NA,NA,-0.227,1.115,0.877,0.394,1.023,1.081,0.462,-0.051,0.755
"P54136","RARS1",NA,NA,-0.226,0.16,-0.018,0.204,0.372,0.231,0.273,0.22,-0.12
"P09622","DLD",NA,NA,-0.362,0.24,-0.198,-0.008,0.057,0.245,0.053,-0.155,-0.193
"Q15796","SMAD2",NA,NA,-0.151,-0.161,-0.231,0.021,0.101,-0.268,0.098,-0.229,-0.217
"P11142","HSPA8",NA,NA,-0.418,-0.297,-0.591,0.038,-0.338,-0.26,-0.032,0.196,-0.425
"P16403","H1-2",NA,NA,0.007,0.216,0.102,0.248,0.21,0.231,0.4,0.169,0.152
"Q92794","KAT6A",NA,NA,0.084,-0.231,-0.453,0.065,-0.311,-0.001,0.129,-0.101,-0.38
"Q03164","KMT2A",NA,NA,0.009,0.64,0.62,0.255,0.877,0.586,0.69,0.367,0.558
"Q15596","NCOA2",NA,NA,0.01,0.431,0.385,0.247,0.261,0.429,0.275,-0.081,0.327
"P12882","MYH1",NA,NA,-1.045,-0.842,-1.137,0.044,-0.73,-0.615,-0.509,0.434,-1.121
"P12882","MYH1",NA,NA,-2.173,-1.487,-2.7,-0.052,-2.008,-1.729,-1.704,-1.919,-2.504
"P11142","HSPA8",NA,NA,-0.119,0.286,0.177,0.132,0.476,0.235,0.038,-0.538,-0.071
"P35579","MYH9",NA,NA,-0.205,0.656,0.495,0.264,0.824,0.768,0.069,0.095,0.536
"P78527","PRKDC",NA,NA,-0.233,0.004,-0.094,0.338,0.372,0.228,0.29,0.184,0.002
"P53675","CLTCL1",NA,NA,-0.224,0.638,0.398,0.047,0.726,0.699,0.086,0.032,0.424
"P78527","PRKDC",NA,NA,-0.253,-0.248,-0.231,0.041,-0.045,0.113,-0.294,-0.103,-0.227
"P35579","MYH9",NA,NA,-0.285,0.635,0.255,0.054,0.686,0.67,-0.024,-0.228,0.531
"P35579","MYH9",NA,NA,-0.488,1.336,0.916,0.563,1.485,1.656,-0.022,0.059,1.113
"Q13547","HDAC1",NA,NA,-0.512,0.698,0.616,0.172,0.288,0.492,-0.336,-0.551,0.567
"P0C0S5","H2AZ1",NA,NA,-0.316,-0.356,-0.315,0.022,0.591,-0.518,-0.136,-0.226,-0.237
"P35579","MYH9",NA,NA,-0.367,-0.162,-0.348,0.01,-0.052,-0.255,0.384,-0.352,-0.215
"P61964","WDR5",NA,NA,-0.287,-0.088,-0.416,-0.238,-0.08,-0.149,-0.049,-0.131,-0.301
"Q15648","MED1",NA,NA,-0.162,-1.101,-1.298,0.197,-1.16,-0.936,0.082,-0.043,-1.268
"O95749","GGPS1",NA,NA,-0.199,0.076,-0.093,0.091,-0.161,0.116,-0.014,0.294,-0.22
"P35579","MYH9",NA,NA,-0.186,0.703,0.733,0.155,0.865,0.928,0.146,-0.087,0.916
"P78527","PRKDC",NA,NA,0.555,0.302,0.429,0.772,0.949,0.288,0.586,0.201,0.139
"P29590","PML",NA,NA,-0.684,0.278,-0.073,-0.245,-0.268,-0.114,0.021,-0.531,0.017
"Q4LE39","ARID4B",NA,NA,-0.55,-2.814,-3.938,-0.213,-3.763,-3.571,-0.361,-0.6,-3.573
"P35579","MYH9",NA,NA,0.028,0.85,0.615,0.481,0.77,0.927,0.48,0.324,0.794
"Q08211","DHX9",NA,NA,0.242,0.139,0.139,0.313,0.149,0.148,0.504,0.343,0.127
"Q02880","TOP2B",NA,NA,0.004,-0.453,-0.6,0.121,-0.458,-0.379,-0.127,-0.296,-0.926
"Q8WYB5","KAT6B",NA,NA,0.663,2.636,2.594,1.416,2.427,2.585,2.245,0.835,2.502
"Q03164","KMT2A",NA,NA,-0.148,0.156,0.103,0.194,0.222,-0.013,0.369,0.011,0.001
"P07305","H1-0",NA,NA,-0.282,0.77,0.934,0.218,0.14,0.93,0.727,1.457,0.487
"Q9Y618","NCOR2",NA,NA,-0.377,0.33,0.225,0.224,0.455,0.332,0.199,-0.331,0.345
"Q13263","TRIM28",NA,NA,-0.045,0.791,0.62,0.246,0.953,0.778,0.417,0.143,0.609
"Q15233","NONO",NA,NA,-0.006,-0.399,-0.752,0.283,-0.317,-0.215,0.091,-0.268,-0.692
"Q96A08","H2BC1",NA,NA,0.353,-1.092,-0.564,0.174,-0.517,-1.223,0.449,0.115,-1.117
"P12004","PCNA",NA,NA,0.006,-0.534,-0.563,0.165,-0.62,-0.369,0.266,-0.025,-0.679
"P06748","NPM1",NA,NA,0.125,0.224,0.007,0.36,-0.315,0.069,-0.045,0.198,-0.72
"Q9BUJ2","HNRNPUL1",NA,NA,-0.155,-0.001,-0.106,0.096,0.31,-0.115,0.323,-0.004,-0.188
"O75376","NCOR1",NA,NA,-0.632,-0.079,-0.393,-0.168,-0.289,-0.003,-0.092,-0.409,-0.316
"P04406","GAPDH",NA,NA,-0.478,1.671,1.494,0.444,1.702,1.798,0.562,0.524,1.571
"P12882","MYH1",NA,NA,-1.641,-1.29,-1.995,-0.077,-1.375,-1.365,-1.429,-0.787,-1.775
"Q92769","HDAC2",NA,NA,-0.22,-0.008,-0.414,0.146,0.186,-0.246,0.129,0.307,-0.075
"Q13547","HDAC1",NA,NA,-0.22,-0.008,-0.414,0.146,0.186,-0.246,0.129,0.307,-0.075
"P55854","SUMO3",NA,NA,-0.146,0.278,0.338,0.131,0.438,0.203,0.04,-0.166,0.197
"P07900","HSP90AA1",NA,NA,-0.009,-0.075,-0.18,0.385,0.015,0.124,0.043,-0.106,0.04
"Q4LE39","ARID4B",NA,NA,-0.523,-0.722,-1.03,-0.016,-0.934,-0.752,-0.754,-0.672,-1.072
"P35579","MYH9",NA,NA,-0.115,0.698,0.352,0.096,0.776,0.621,0.433,0.142,0.59
"P60900","PSMA6",NA,NA,-0.027,0.226,0.196,0.047,0.442,0.205,0.409,-0.21,0.097
"Q9Y618","NCOR2",NA,NA,-0.216,0.24,0.06,0.072,0.261,0.168,0.124,-0.042,0.296
"P29590","PML",NA,NA,-0.43,0.175,-0.416,-0.235,0.05,-0.453,-0.106,-0.035,-0.272
"Q13573","SNW1",NA,NA,0.047,-2.187,-2.384,0.228,-2.153,-2.309,0.42,0.189,-2.497
"Q15648","MED1",NA,NA,-0.506,-0.141,-0.618,0.479,-1.572,-0.353,-0.867,-0.478,-0.657
"P16401","H1-5",NA,NA,0.004,0.672,0.294,0.428,-0.177,0.868,0.508,0.118,0.394
"P16403","H1-2",NA,NA,0.004,0.672,0.294,0.428,-0.177,0.868,0.508,0.118,0.394
"P35579","MYH9",NA,NA,-0.377,-0.006,-0.265,0.271,0.104,-0.223,0.024,-0.322,-0.208
"Q16822","PCK2",NA,NA,-0.587,0.888,0.545,-0.007,0.959,0.715,0.465,0.28,0.686
"Q02880","TOP2B",NA,NA,0.026,-0.372,-0.575,0.167,-0.286,-0.123,0.311,0.955,-0.381
"P62826","RAN",NA,NA,-0.168,-0.048,-0.377,0.319,0.227,0.177,0.48,-0.186,0.01
"P35579","MYH9",NA,NA,-0.202,1.007,0.675,0.237,1.044,0.992,0.33,0.221,0.711
"Q02539","H1-1",NA,NA,-0.215,-0.837,-0.929,0.316,-0.764,-0.608,0.346,-0.084,-0.775
"P16401","H1-5",NA,NA,-0.174,-0.999,-1.396,0.181,-1.769,-0.677,0.273,-0.19,-1.191
"Q96A08","H2BC1",NA,NA,-0.129,0.336,0.173,0.061,0.139,0.117,-0.172,0.203,0.305
"P16401","H1-5",NA,NA,-0.325,0.155,-0.547,0.033,-0.491,0.053,-0.031,-0.533,-0.363
"Q15648","MED1",NA,NA,-0.188,-0.133,-0.069,-0.056,0.006,-0.108,-0.021,0.099,-0.271
"P09211","GSTP1",NA,NA,-0.027,0.3,0.109,0.482,0.223,0.373,0.286,0.171,0.229
"Q15843","NEDD8",NA,NA,-0.295,0.345,0.381,0.087,0.792,0.271,0.805,1.625,0.292
"Q92794","KAT6A",NA,NA,0.565,-3.152,-3.505,0.457,NA,-1.473,0.06,0.331,NA
"Q15233","NONO",NA,NA,-0.047,0.529,0.664,0.312,0.58,0.627,0.527,0.156,0.618
"P35579","MYH9",NA,NA,-0.16,1.231,1.28,0.343,1.212,1.309,0.357,-0.063,1.132
"Q15596","NCOA2",NA,NA,-0.072,0.115,0.024,0.574,0.048,0.17,0.505,0.802,0.019
"P11142","HSPA8",NA,NA,-0.262,0.405,0.15,0.111,0.469,0.32,0.067,0.081,0.045
"Q14151","SAFB2",NA,NA,-0.188,-0.329,-0.515,0.074,-0.647,-0.231,0.069,0.077,-0.673
"P67775","PPP2CA",NA,NA,-0.159,0.356,0.263,0.356,0.212,0.711,0.369,0.256,0.318
"Q9Y6Q9","NCOA3",NA,NA,-0.268,-0.028,0.15,0.025,-0.113,0.189,0.373,-0.038,-0.2
"Q14814","MEF2D",NA,NA,-0.441,-0.276,-0.466,0.403,-0.444,-0.573,0.066,-0.658,-0.226
"P78527","PRKDC",NA,NA,0.337,0.1,0.076,0.521,0.073,0.074,0.219,0.464,0.232
"O95251","KAT7",NA,NA,-0.207,-0.036,0.092,0.277,-0.005,0.189,0.335,-0.057,0.216
"P62826","RAN",NA,NA,-0.211,-0.444,-0.449,0.159,-0.169,-0.322,0.084,-0.113,-0.288
"P78527","PRKDC",NA,NA,-0.043,0.241,0.297,-0.04,0.304,0.311,0.389,0.367,0.112
"P35579","MYH9",NA,NA,-0.213,0.46,0.453,0.093,0.366,0.332,-0.055,0.035,0.319
"P09622","DLD",NA,NA,-0.083,0.124,0.075,-0.149,0.508,0.069,0.171,0.012,0.077
"P35579","MYH9",NA,NA,-0.204,0.248,0.134,0.076,0.113,0.27,-0.033,-0.115,0.349
"P11142","HSPA8",NA,NA,-0.04,0.148,0.148,0.152,0.389,0.487,0.153,0.172,0.286
"P04040","CAT",NA,NA,0.034,-0.495,-0.52,0.357,0.177,0.064,0.175,0.791,-0.119
"P12882","MYH1",NA,NA,-1.682,-1.464,-2.816,-0.126,-1.935,-1.536,-1.668,-1.541,-2.31
"P78527","PRKDC",NA,NA,-0.375,-0.007,-0.216,-0.05,0.216,0.134,-0.181,-0.237,0.005
"Q92922","SMARCC1",NA,NA,-0.102,-0.066,-0.514,-0.215,-0.198,-0.099,-0.098,0.226,-0.427
"P35579","MYH9",NA,NA,-0.58,-0.16,-0.303,-0.153,-0.309,-0.24,-0.204,-0.328,-0.278
"Q9BY77","POLDIP3",NA,NA,-0.612,-0.686,-0.988,0.02,-1.171,-0.884,-0.191,-0.612,-0.777
"Q9H2F5","EPC1",NA,NA,-0.173,0.312,0.324,0.129,0.262,0.277,0.282,0.087,0.097
"P00367","GLUD1",NA,NA,-0.379,0.756,0.719,0.318,0.734,0.796,0.342,0.354,0.621
"O95749","GGPS1",NA,NA,-0.381,-0.108,-0.471,-0.154,0.118,-0.147,0.127,-0.343,-0.163
"Q92922","SMARCC1",NA,NA,-0.214,-0.262,-0.928,0.597,0.159,-0.134,0.403,-0.369,-0.548
"Q08945","SSRP1",NA,NA,-0.092,-0.427,-0.331,0.16,-0.059,-0.182,-0.098,0.221,-0.113
"Q15291","RBBP5",NA,NA,-0.281,-0.193,-0.549,0.076,-0.306,-0.101,0.314,-0.176,-0.519
"Q13547","HDAC1",NA,NA,-0.153,-0.267,-0.144,0.082,-0.061,-0.097,-0.111,-0.037,-0.183
"P16403","H1-2",NA,NA,0.243,0.124,-0.066,0.241,-0.191,0.246,0.109,0.634,-0.025
"Q09472","EP300",NA,NA,1.442,0.345,-0.547,1.918,1.245,0.282,1.739,1.365,1.703
"P06748","NPM1",NA,NA,0.051,-1.784,-2.595,0.061,-2.463,-1.123,-1.094,-0.442,-2.044
"P35579","MYH9",NA,NA,-0.01,0.245,0.235,0.041,0.348,0.434,0.182,-0.049,0.293
"Q92769","HDAC2",NA,NA,-0.053,-1.389,-1.961,0.323,-3.744,-1.939,0.068,0.009,-3.498
"P07900","HSP90AA1",NA,NA,0.06,-1.415,-1.376,-0.093,-2.188,-1.491,0.136,-0.005,-1.977
