"Substrate_ACC","Substrate_GN","sites","Peptide","Cortex_1","Cortex_2","Cortex_3","PDGFRA_4","PDGFRA_5","PDGFRA_6","PDGFRA_7","NTRK_8","NTRK_9","NTRK_10","psite"
"P11798","Camk2a","T305","RKLKGAILTTMLATRNF",16836.9128,25172.98426,19151.24015,10317.01686,9216.146499,11902.00768,9362.32792,15334.84751,12113.31539,8308.726311,"P11798_T305"
"Q3TTA7","Cblb","S480","DRQNSPVTSPGSSPLAQ",104096.1328,105288.5602,114489.3074,123660.5331,114250.5399,130428.2029,130648.9793,124336.0161,123959.9665,132984.7227,"Q3TTA7_S480"
"Q9CXL6","Dcx","S327","LSTPKSKQSPISTPTSP",220729.6446,201632.7676,253976.5215,851472.0451,720833.4205,891629.2131,640999.0526,679019.0392,423947.3813,898072.8457,"Q9CXL6_S327"
"Q8K1M6","Dnm1l","S622","KPIPIMPASPQKGHAVN",1589007.359,1433348.306,1685524.012,1990122.337,1843973.704,1821985.666,1724367.133,1585107.145,1984514.392,1606578.677,"Q8K1M6_S622"
"O08553","Dpysl2","T514","VSVTPKTVTPASSAKTS",3276923.239,2936114.111,3779576.582,2542953.392,3204364.134,2203480.907,1920818.525,2735595.9,2254777.054,1951215.533,"O08553_T514"
"P22723","Gabrg2","T395","IDIRPRSATIQMNNATH",12490.57494,13100.41411,13460.65834,12201.07682,13875.60027,10967.48617,11837.24989,13429.02067,14127.12227,10896.33444,"P22723_T395"
"P35436","Grin2a","S1459","RRVYKKMPSIESDV",1036441.052,1308836.658,965391.6271,401862.4011,271527.5712,336181.5767,438169.2035,675395.1218,602322.4705,303113.8325,"P35436_S1459"
"Q99104","Myo5a","S1650","TGLRKRTSSIADEGTYT",31860.35481,31202.24294,31973.2296,26104.44017,30164.38007,27671.53566,26538.29741,29465.9077,29502.68998,25211.72943,"Q99104_S1650"
"P08551","Nefl","S58","SLSVRRSYSSSSGSLMP",175480.1076,179761.1704,158603.3713,291470.7552,206627.1782,207492.0144,157745.4865,161771.9226,170961.2712,162828.9445,"P08551_S58"
"P70313","Nos3","S1176","VTSRIRTQSFSLQERQL",34842.75686,33885.44821,31287.35299,43209.88506,45572.23215,49273.19132,89849.06,50078.67535,77645.33669,84397.30852,"P70313_S1176"
"Q62048","Pea15","S116","YKDIIRQPSEEEIIKLA",16929816.58,17848561.02,20040142.39,23369055.66,20684422.88,23129763.94,26107094.39,20947673.13,24249867.9,24555692.42,"Q62048_S116"
"P61014","Pln","S16","TRSAIRRASTIEMPQQA",43462.57185,39169.74053,32892.93758,30955.71817,29271.97114,35918.35766,23864.47314,30790.58829,29492.51533,29649.68805,"P61014_S16"
"P18052","Ptpra","S180","KQAGSHSNSFRLSNGRT",89985.01272,86058.49156,96389.49473,87125.51189,78150.22545,68341.54025,94369.12996,85204.24005,84426.0105,93527.32172,"P18052_S180"
"P18052","Ptpra","S204","VPLLARSPSTNRKYPPL",90921.52034,73673.07405,112826.8099,209692.4558,188024.5843,227293.0599,532912.2565,160272.7702,515289.4137,434684.5087,"P18052_S204"
"Q8VI36","Pxn","S126","YSFPNKQKSAEPSPTVM",32871.90161,38093.34315,36820.23052,32143.60123,37241.65693,37218.84719,31258.032,37462.24994,36108.75723,39792.74395,"Q8VI36_S126"
"E9Q401","Ryr2","S2807","LYNRTRRISQTSQVSID",156439.211,169855.3549,166526.5885,115448.844,114482.1041,107755.001,103596.9962,127236.8973,114875.4455,110170.9145,"E9Q401_S2807"
"E9Q401","Ryr2","S2813","RISQTSQVSIDAAHGYS",284782.0804,292046.1987,293932.1642,219259.5534,202629.8375,222284.98,206064.38,226295.8962,231792.3602,199942.7409,"E9Q401_S2813"
"P54227","Stmn1","S16","VKELEKRASGQAFELIL",74279.29998,73780.337,80263.61247,52633.56222,57866.13726,44713.57582,47620.71419,60482.50427,48570.49942,49008.20679,"P54227_S16"
"O88935","Syn1","S605","PAGPTRQASQAGPGPRT",134308.4345,74907.71832,167518.3716,96180.25951,126482.4738,94474.73587,79724.2927,89174.57386,111162.7463,68186.76331,"O88935_S605"
"F6SEU4","Syngap1","S1111","QQSLSKEGSIGGSGGSG",538867.1232,649911.2592,708765.8302,349981.5468,295155.9631,404979.0574,697750.8822,363920.1128,872970.9776,407093.2867,"F6SEU4_S1111"
"F6SEU4","Syngap1","S1135","KPSITKQHSQTPSTLNP",40259.92792,42395.24999,37953.92271,36619.51273,37713.84005,39132.32393,40133.072,41015.53099,38024.17329,43953.92902,"F6SEU4_S1135"
"F6SEU4","Syngap1","S1162","WVSNMPHLSADIESAHI",69223.41847,78359.28734,73379.33536,50698.18444,47220.87159,63764.1162,61903.15611,57173.88648,64560.21599,56451.13186,"F6SEU4_S1162"
"F6SEU4","Syngap1","S1222","EEYERRLLSQEEQTSKI",78197.97802,90686.23985,85815.25698,46573.82606,42684.41873,45751.5789,53100.27299,55997.47328,56625.47019,60103.72285,"F6SEU4_S1222"
"F6SEU4","Syngap1","S766","YMMRDLNSSIDLQSFMA",42513.75678,47831.06083,46526.41839,29739.84421,27206.56676,36719.25195,40947.93765,35678.1893,47425.77255,34652.64493,"F6SEU4_S766"
"F6SEU4","Syngap1","S780","FMARGLNSSMDMARLPS",313350.0091,354306.2988,381714.917,170149.1875,172057.6299,194986.884,284304.3728,217370.6413,347286.7631,188969.6312,"F6SEU4_S780"
"Q8CGV2","Tph2","S19","KYWARRGLSLDSAVPED",160358.2267,135156.7682,157452.7614,129405.2567,139641.6923,108162.3053,72846.786,139538.2267,131372.0682,99516.48873,"Q8CGV2_S19"
"P63044","Vamp2","S61","VLERDQKLSELDDRADA",322643.4083,296121.4871,338636.5234,144299.9817,168680.8224,178521.6092,136136.3146,183030.2722,185873.7467,144703.7233,"P63044_S61"
"P20152","Vim","S39","VTTSTRTYSLGSALRPS",18538.89479,15707.57038,15204.23991,169205.2008,128838.6634,180146.7072,413053.1514,135291.2235,219964.9358,302779.6956,"P20152_S39"
"P20152","Vim","S83","PGVRLLQDSVDFSLADA",12895.32834,9975.695595,15879.26289,51784.67858,45911.05733,61933.42523,138994.7727,49497.54363,90480.92396,139625.6448,"P20152_S83"
"Q99LW6","Yaf2","S166","ERGVSRSSSPRGEASSL",20765.83269,21599.71491,21615.07031,35263.05388,43704.78021,37702.48923,39111.78486,38928.3208,32310.29926,52776.76426,"Q99LW6_S166"
