"Substrate_ACC","Substrate_GN","sites","Peptides","Ctl1","Ctl2","HS1","HS2","Recovery1","Recovery2","Ctl1_Btz","HS1_Btz","HS2_Btz","Recovery1_Btz","Recovery2_Btz"
"P46821","MAP1B",NA,"K.ESK#EETPEVTK.V",93563.89,76975.36,58265.07,44508.98,64377.47,70470.51,59192.6,47165.74,183076.76,50175.51,64468.95
"P55060","CSE1L",NA,"K.IHLAQSLHK#LSTACPGR.V",7335.206,8273.1,18330.613,16562.744,9056.205,18641.818,13762.391,28435.401,21700.887,33347.254,29099.192
"P54252","ATXN3",NA,"R.VHK#TDLER.V",2523585.897,1814283.082,1896991.396,1202422.858,1401199.7,2044693.18,2642785.124,1533353.547,1298919.161,1440664.494,1933751.1
"Q13114","TRAF3",NA,"K.CTACQESIVK#DK.V",60299.19,59627.11,116969.16,96364.94,119105.13,123803.9,67615.5,127711.79,135205.27,146307.47,146781.92
"P27694","RPA1",NA,"K.SYEDATK#ITVR.S",58181.69042,45861.08999,276965.7228,282123.6424,157419.3228,155525.8426,60849.815,304108.7588,308919.6643,385236.8934,402853.0881
"Q13535","ATR",NA,"R.NNELK#DTLILTTGDIGR.A",201916.2,201476.8,418826.4,446583.4,251235.3,304007.7,269758.5,551753.9,723592.6,644126.5,739558.1
"O95140","MFN2",NA,"K.VYK#NELHR.H",166484,118299.8,221890.7,206849.7,134560.5,181572.3,229412.7,328612.5,284144.4,519613.9,644319.5
"Q13535","ATR",NA,"K.LIK#TLFPFEAEAYR.N",11771.6,17574.5,20720.62,18342.54,11100.92,15921.9,45468.36,52171.51,58295.31,57234.26,57049.8
"Q12933","TRAF2",NA,"K.TLLGTK#LEAK.Y",402960.3551,543197.2835,349000.8987,153376.2007,272688.4435,491162.5468,402057.2647,195819.4381,263907.3287,272133.164,278147.0471
"Q13490","BIRC2",NA,"K.LSNWEPK#DDAMSEHR.R",45766.83,40518.33,86744.15,74463.78,30798.31,74511.38,56414.94,86013.85,104272.23,101533.11,105409.88
"Q13490","BIRC2",NA,"K.TVNDIVSALLNAEDEK#R.E",1089185.26,1266090.696,1813988.977,1174841.784,1370964.677,2196469.694,1463898.425,1680879.439,1381112.123,1834531.006,2150695.993
"Q9Y6D9","MAD1L1",NA,"R.EAGAEEK#MQEQLER.N",8303.746,9396.462,34418.984,34978.804,23525.101,18424.794,11596.622,28714.397,49698.211,39114.964,43351.187
"P63000","RAC1",NA,"R.AVLCPPPVK#K#R.K",36195.15,50980.54,80382.22,57227.9,109157.05,54765.73,24932.06,64747.8,61899.87,63987.83,118358.11
"Q99741","CDC6",NA,"K.EIEHALK#DK.A",22778.1799,32083.72722,191099.9738,157334.1215,81434.40271,80912.87129,30116.03516,201515.5408,206292.8159,290012.1594,576032.3853
"O00220","TNFRSF10A",NA,"R.EK#IQDLLVDSGK.F",665567.7,908996.8,626478.8,473160.7,752790.3,739468.6,1052716.4,698768.5,736204.7,769838,887561.2
"P27694","RPA1",NA,"K.SK#DSLVDIIGICK.S",50405.26213,65416.8403,153522.923,148453.93,86173.06215,91068.36061,51980.95389,202070.4475,222457.2515,252194.4626,249345.8993
"Q66K74","MAP1S",NA,"R.GPVPAK#PTVLFEK.M",107253.4222,85791.86617,353315.1294,323540.8826,167217.8945,163453.2223,108379.8275,488002.9987,377727.025,658499.6384,674217.3504
"P46821","MAP1B",NA,"R.TTK#SPSDSGYSYETIGK.T",116785.032,167264.1415,212212.2512,136146.748,204038.0675,222894.8913,235165.686,208478.3386,299437.0453,355833.1733,285892.0611
"O43353","RIPK2",NA,"K.LQSVSSAIHLCDK#K.K",25572.67,25496.42,51376.6,43475.19,34916.93,39751.62,31966.82,63384.82,76429.81,66894.06,71931.85
"P16949","STMN1",NA,"K.DLSLEEIQK#K.L",380585.5981,141288.2837,164813.9612,107836.3919,134643.2101,214815.6111,233493.9251,165207.2561,218674.3005,239512.8462,189206.3541
"P46939","UTRN",NA,"R.VAAAETAK#HQAK.C",80984.0201,93473.85812,136677.6029,136600.6792,106561.8578,111890.2746,77796.28368,123119.8969,106687.2853,123923.4377,168806.3204
"Q13114","TRAF3",NA,"R.VTELESVDK#SAGQVAR.N",240599.665,239413.1734,408696.3068,204030.6312,359412.4588,345639.6458,243392.7582,249839.9244,343107.8887,272426.0426,517953.463
"Q66K74","MAP1S",NA,"R.AVLDALLASK#QHWDR.D",10422.87,23079.41,44386.82,39954.27,15143.39,27778.5,18547.35,67178.89,73965.17,104274.96,88272.53
"Q92769","HDAC2",NA,"R.DGIDDESYGQIFK#PIISK.V",113420.1,148666.2,179828.8,151017.4,128554.5,160532.2,114294.9,186429.9,249517.3,223503.8,261886.6
"Q9Y6D9","MAD1L1",NA,"R.GGTVPADLEAAAASLPSSK#EVAELK.K",29728.46,32685.22,116594.72,115346.57,83576.52,71539.28,31222.81,122232.26,137914.28,161493.12,191077.43
"Q99741","CDC6",NA,"R.K#VSAVSGDVR.K",98082.53006,28907.52407,182049.6959,140944.2314,100811.495,58985.43753,50251.40111,165135.9045,162792.8968,233183.4645,382566.2291
"P55210","CASP7",NA,"K.LGK#CIIINNK.N",16899.87147,17784.73357,63825.89963,65236.13092,33912.2175,48328.37866,25760.14238,90108.58053,80766.63704,133889.2778,118652.1947
"P04637","TP53",NA,"K.KGEPHHELPPGSTK#R.A",38948.56,34581.87,36269.45,25500.71,25691.45,26481.05,30192.41,33446.27,46730.86,25986.61,49334.47
"P27694","RPA1",NA,"K.TFGK#AAGPSLSHTSGGTQSK.V",43209.07531,26107.2257,46571.08299,26873.40553,49297.81139,35694.6381,13370.74651,35579.83253,35797.53952,56186.2298,69317.88609
"Q92844","TANK",NA,"K.TEETLFEIQGIDPIASAIQNLK#TTDK.T",64654.09,132710.34,72382.54,63266.55,68875.5,113882.38,150100.67,79256.77,116194.24,93919.86,100975.28
"P31350","RRM2",NA,"R.IFQEPTEPK#TK.A",29401.62405,16800.77444,64349.5473,60857.50568,36853.92863,28947.95645,25484.80804,78131.66988,72220.70038,102571.5301,132051.0452
"Q13490","BIRC2",NA,"R.GIIK#GTVR.T",99967.49,85775.63,104072.73,48232.24,57023.9,88902.24,81795.86,66619.91,60346.17,66661.72,81516.47
"Q9Y6D9","MAD1L1",NA,"R.LK#VEELEGER.S",67637.51,56463.34,205575.71,150547.95,121536.73,113775.13,46768.49,145029.94,187651.34,204868.9,253867.24
"Q99426","TBCB",NA,"K.FYSK#LDQEDALLGSYPVDDGCR.I",62707.98,84098.24,548764.03,703673.9,293030.87,437860.35,126333.15,988880.28,724524.01,1457931.23,1033094.4
"P04637","TP53",NA,"R.ALPNNTSSSPQPK#K.K",49539.04154,26587.47419,59191.98151,46898.12001,41727.17541,37580.80394,39290.07312,49951.52514,53737.0794,50704.69013,51360.20868
"P04035","HMGCR",NA,"R.EPRPNEECLQILGNAEK#GAK.F",21469.4,21846.53,63335.95,53198.38,33585.65,40388.42,37078.33,90257.36,118683.31,120632.34,202573.28
"P67809","YBX1",NA,"R.NYQQNYQNSESGEK#NEGSESAPEGQAQQR.R",324787.1,104565.8,313556,174287.5,198620,176543.1,137772.8,177989.1,170787.3,135251.2,222484.7
"Q8IWA4","MFN1",NA,"R.AK#QILATVK.N",163423.9,141192.5,317165.4,224659.3,166480,237742.2,356657.7,406699.9,408588.4,542975.8,759013.6
"Q14790","CASP8",NA,"K.IINDYEEFSK#ER.S",21201.82,22328.43,146409.69,141173.09,61166.26,80226.6,44044.53,203221.9,179036.03,283021.36,241836.22
"Q13490","BIRC2",NA,"K.EK#QAEEM*ASDDLSLIR.K",44275.6181,48711.67054,71352.06445,74536.30512,51115.13396,66475.11822,55777.78382,57728.61597,110559.1561,96078.77658,125174.3406
"Q99683","MAP3K5",NA,"K.ISDFGTSK#R.L",45928.30877,31284.37608,281352.4791,324698.9141,84972.98955,137701.5953,79031.43836,548844.8035,471763.6375,649278.0328,464711.1649
"Q99741","CDC6",NA,"R.LFK#QEGTCYQQAK.L",16138.62,11736.91,67983.71,63628.75,59545.18,36319.18,14175.26,94060.28,91344.45,119509.98,225841.56
"Q9Y3D6","FIS1",NA,"R.K#GIVLLEELLPK.G",143261.164,113638.4687,88119.99185,56201.82707,66519.14962,99513.55675,141057.3405,80043.78958,74204.58201,82828.83961,62255.5315
"P15927","RPA2",NA,"K.ACPRPEGLNFQDLK#NQLK.H",43166.08,70675.29,154162.72,137533.76,111058.01,151048.77,52306.1,202869.65,205977.13,266182.34,234383.79
"P67809","YBX1",NA,"K.ETK#AADPPAENSSAPEAEQGGAE.-",63916.13161,49308.36305,73254.95958,32555.336,65799.82084,55804.7338,31496.32352,35181.72917,41925.40086,37673.66588,54617.00475
"Q99683","MAP3K5",NA,"R.K#IIATTLSK.L",7160.319,6387.543,20229.568,25477.094,10780.607,9799.129,9574.035,28167.565,25626.396,50407.095,37813.637
"P55060","CSE1L",NA,"K.SANVNEFPVLK#ADGIK.Y",369836.4,341711.5,1109054.2,1086385.8,783306,1163628.9,639940.8,1941256.6,1636213.2,2910568.5,2855944.4
"Q9BQE4","SELENOS",NA,"K.LK#QLEEEK.R",79193.31,76097.81,89241.13,69030.44,79279.97,119889.84,99536.68,95579.28,95529.4,118170.89,139728.87
"Q9Y3D6","FIS1",NA,"K.GIVLLEELLPK#GSK.E",62464.5667,87207.75224,84268.57862,76952.03252,56799.73651,85597.4256,67869.55252,124949.1758,100119.3636,126097.6358,106860.0701
"Q13490","BIRC2",NA,"K.QTVQSK#ILTTGENYK.T",64029.54,64118.12,107809.74,82383.96,67509.06,95079.78,74664.67,106465.95,183881.49,139686.15,167466.64
"P04035","HMGCR",NA,"K.NPITSPVVTQK#K.V",72550.99,47147.82,89131.97,76922.28,92239.81,109449.29,125782.84,142876.59,156330.02,188259.16,324484.95
"Q8IWA4","MFN1",NA,"K.IK#EVTEEVANK.V",73313.6,37215.66,87109.68,57257.3,70041.7,53830.74,110890.21,76252.77,122088.73,98770.61,253622.57
"P46821","MAP1B",NA,"R.ESSPLYSPTFSDSTSAVK#EK.T",275785.5,446477.5,434248.6,307849.8,394587.3,583494.8,518469.3,569415.3,508780.5,781585.7,421749.5
"O00429","DNM1L",NA,"K.NK#LYTDFDEIR.Q",37318.34,42964.15,118020.77,93896.98,68686.09,64715.82,54573.18,129040.75,167170.63,202038.58,215802.62
"Q86U70","LDB1",NA,"R.IFELNK#R.L",36721.29,39041.4,150912.97,91199.28,143230.28,98024.53,44965.55,115960.48,140183.12,152218.15,170671.05
"Q12933","TRAF2",NA,"K.IEALSSK#VQQLER.S",528185.4,548152.5,477439.5,272579.3,520656,936655,980715.2,345740.4,500216.1,554378.7,643378
"P04035","HMGCR",NA,"K.INLQDLQGACTK#K.T",35269.74,39020.46,101939.64,88584.32,70128.01,63523.2,56669.78,170071.39,193148.51,224467.16,450236.06
"P55060","CSE1L",NA,"R.IVEDEPNK#ICEADR.V",22887.97399,20017.39762,104090.6258,111536.2755,63761.26931,48805.29383,40630.97056,161342.2467,153956.5489,212367.618,214581.1034
"Q9Y6D9","MAD1L1",NA,"K.K#QVESAELK.N",21618.28,37394.71,96776.93,104774.15,57169.66,41635.46,32673.63,103488.05,122918.52,149555.55,168515.38
"Q92844","TANK",NA,"K.QEALFK#PQAK.D",1233226.426,961352.579,1148552.074,543165.1824,834372.0265,1105691.694,1514928.954,579904.2641,979249.7781,710302.6689,959330.799
"P01106","MYC",NA,"R.DQIPELENNEK#APK.V",31108.93,27723.53,155216.07,124334.05,62426.3,65732.4,36257.89,132223.88,169808.36,165998.17,190468.41
"O95140","MFN2",NA,"R.IK#QITEEVER.Q",105118.6905,70128.9221,115871.4996,100243.4327,100268.197,97636.42515,177514.6651,146985.6966,168203.2373,203379.9564,313643.2845
"Q13535","ATR",NA,"K.AEPSLK#EQILEHESLGLLR.D",64955.67,110817.27,211865.81,188025.38,83288.91,166847.82,150375.18,392067.11,383601.15,420523.3,408187.78
"O43303","CCP110",NA,"K.FLVK#QNPSETR.V",48043.05,42188.15,72468.41,70170.28,35169.39,53834.76,31476.2,74182.88,68450.32,89220.15,73824.59
"Q04206","RELA",NA,"R.STDTTK#THPTIK.I",19469.11,16629.48,77549.39,70522.79,39690.04,47565.57,19240.21,76221.91,66475.94,112228.66,105249.41
"Q92844","TANK",NA,"K.LNIPDTATETQCSVPIQCTDK#TDK.Q",134267.7976,122971.1453,171778.911,103427.6433,124272.7406,176238.5071,200310.4539,98484.6085,142552.4974,112604.7463,132550.8127
"Q99741","CDC6",NA,"K.IK#EVTLGK.L",42007.08,50786.87,224457.44,216578.61,148266.72,106327.54,91770.94,266514.82,286893.07,381184.36,735744.77
"Q13490","BIRC2",NA,"R.AGFYYTGVNDK#VK.C",24768.27654,31625.97685,76107.19471,77913.04573,35052.07501,54339.29239,37269.14965,134615.9438,108771.624,165880.2882,124176.2929
"P27694","RPA1",NA,"K.AAGPSLSHTSGGTQSK#VVPIASLTPYQSK.W",17941.14664,21522.76034,52852.45816,44824.54161,36332.84058,40685.1255,21025.30234,71610.41532,63852.94412,102394.7892,96455.7824
"P63000","RAC1",NA,"K.LTPITYPQGLAMAK#EIGAVK.Y",189671.4,174613.1,209189.5,179875.9,198757.7,179260.1,122843.4,246960,274994.6,251413.5,315413.4
"P54274","TERF1",NA,"R.IAAGK#TLDAQFENDER.I",64741.4,54306.64,215894.13,161193.06,214801.4,153020.37,159941.1,195406.95,196826.26,296512.38,371673.1
"Q13546","RIPK1",NA,"R.K#LGFTQSQIDEIDHDYER.D",88062.57,73649.81,173801.41,193756.03,96806.22,145586.67,123337.9,227033.28,240137.88,253806.99,249532.29
"Q92844","TANK",NA,"R.K#NNLTLDQPQDK.V",95542.51,83004.4,123500.79,93496.7,89459.41,88458.04,139373.92,112520,200237.26,141857.14,114343.09
"P46821","MAP1B",NA,"K.LSPK#SDISPLTPR.E",147999.3,202338.3,185678.2,144656.7,111602.7,230743.5,209484.2,212591.5,201092.7,313816.8,167851.2
"Q13535","ATR",NA,"K.K#QNIQEHLGFLQK.L",45825.38,44545.7,102240.49,71422.3,51872.92,57973.03,43435.89,100817.79,210641.59,142948.57,112096.77
"P27694","RPA1",NA,"K.CDTEFPNFK#YR.M",37757.51,38155.39,119376.85,114381.59,57837.43,98032.81,46490.55,146170.64,139425.52,228911.28,178910.62
"Q99426","TBCB",NA,"R.LAEEK#AQASSIPVGSR.C",137504.3951,108014.7398,329347.3573,345263.2031,197730.94,213392.704,84311.83819,402305.9358,386627.9127,506935.3927,474654.9304
"Q92844","TANK",NA,"K.QEALFK#PQAK#DDINR.G",342436.5243,467648.8693,297573.3918,212535.9321,252246.2989,406888.6784,485453.2209,213431.9611,301915.1747,237198.275,288549.2573
"P46821","MAP1B",NA,"K.TTK#TPEDGDYSYEIIEK.T",103892.7781,162540.2354,166721.356,142382.1766,179365.5862,202057.8486,199793.2711,181565.0869,219737.3977,320080.4752,236702.1758
"P67809","YBX1",NA,"R.NDTK#EDVFVHQTAIK.K",133053.33,86151.6,114258.98,71930.89,87900.67,104242.89,83721.98,82436,119261.87,114277.9,136428.68
"Q92844","TANK",NA,"K.TDK#QEALFKPQAK#DDINR.G",170414.5,155489.77,98090.75,58868.37,105295.3,169467.05,197911.78,55677.08,80578.49,65809.19,88428.77
"P63000","RAC1",NA,"R.AVLCPPPVK#K.R",490204.5834,746732.5983,820224.9892,648954.6029,1040276.262,761114.6112,449043.6236,848773.8411,853503.5647,929012.5095,1200144.442
"Q9NR28","DIABLO",NA,"R.K#AETK#LAEAQIEELR.Q",178118.6779,279899.8612,456775.7729,284091.2326,324860.966,542854.8123,200152.3614,403531.2715,298307.3965,376702.8741,476244.491
"P27694","RPA1",NA,"K.K#VIDQQNGLYR.C",92938.1797,46511.71007,239211.4525,192710.0543,115059.7359,98938.1623,70379.93353,223860.2945,206827.7968,294326.024,250777.1482
"P00533","EGFR",NA,"K.VKIPVAIK#.E",22351.76,29515.65,226683.84,335918.93,37421.51,61632.08,68279.61,739761.6,646922.34,735394,473358.42
"P55060","CSE1L",NA,"K.K#ICAVGITK.L",66190.09,59397.61,229380.12,297295.36,93837.07,133742.15,106465.1,438712.76,413390.09,677588.37,544580.38
"Q13535","ATR",NA,"R.ILTDVNVVAVELVK#K.T",158989.2,236477.7,328260.1,313710.7,192434.5,222539.9,276446.5,605126.2,744065.5,614435.4,712522.1
"P27694","RPA1",NA,"R.ATAFNEQVDK#FFPLIEVNK.V",83370.22812,148062.6225,461199.1013,529131.9432,215631.3055,257493.3697,81723.08742,706910.9301,555985.6339,842193.0199,797333.4751
"P16949","STMN1",NA,"K.REHEK#EVLQK.A",174354.09,159673.64,336969.65,260399.67,89698.46,269746.2,208001.89,236499.09,265292.21,258310.72,282571.56
"Q13546","RIPK1",NA,"K.K#EYSNENAVVK.R",37755.30728,28416.28994,94546.43578,113634.7492,57280.5464,40616.53155,46686.51032,123590.8667,133545.232,150964.9674,142925.4484
"O43303","CCP110",NA,"K.ITAVAK#GFLTR.R",22397.93,24907.01,48080.32,35792.24,20502.74,30072.04,18511.48,40177.95,36775.92,65713.8,45196.74
"Q13490","BIRC2",NA,"K.ANVINK#QEHDIIK.Q",171585.3,218018.4,281784.9,167480,148983.3,284700.1,325768.9,212471.2,216493.1,233556,289234.3
"Q9Y6D9","MAD1L1",NA,"K.EVFQTK#IQEFR.K",54088.15,78440.07,202582.94,192145.51,153715.8,141407.6,68722.73,225323.54,214515.12,307180.49,379932.04
"P63000","RAC1",NA,"R.GLK#TVFDEAIR.A",403052.4,383289.3,638230.6,304374.3,660452,369715.9,781194.5,685867.7,974660.3,1048530.3,1969958.8
"Q13535","ATR",NA,"R.LGQLLLSAK#K.R",5887.285,10653.595,13568.514,10811.025,4987.798,9558.729,10774.343,29430.523,36399.325,28358.102,26304.167
"Q92844","TANK",NA,"K.QEALFKPQAK#DDINR.G",361747.2234,469655.4272,324331.2833,201711.9287,317843.1412,514894.014,523634.1269,216880.2854,295572.4453,283793.5901,318852.9501
"Q13490","BIRC2",NA,"K.LGDSPIQK#HK.Q",32431.06608,33362.58604,155589.6078,205210.1424,45693.67524,149744.8071,65005.34755,317557.6744,224511.4789,372393.9471,205929.5155
"P15927","RPA2",NA,"K.K#SLVAFK.I",33001.16735,25877.25513,223798.0403,238366.9258,86726.13238,108079.7498,44217.78882,290969.6078,165984.8176,454279.2236,294580.7622
"P54252","ATXN3",NA,"R.EAYFEK#QQQK.Q",240850.0762,273809.4366,385630.5613,184427.3593,296461.9772,399116.3778,291950.618,243059.423,201967.6626,209656.5879,333794.8414
"P04637","TP53",NA,"R.LGFLHSGTAK#SVTCTYSPALNK.M",12241.44155,16208.08515,81889.12771,48277.12565,29012.64841,35873.78125,23393.41819,72901.49411,67432.95926,85762.57475,83077.48278
"P46821","MAP1B",NA,"K.VQSLEGEK#LSPK.S",119556.95,101360.06,247197.92,180259.74,84274.19,151193.91,138436,265294.05,286164.69,293755.24,235449.2
"P27694","RPA1",NA,"K.GDTNIK#PILQVINIRPITTGNSPPR.Y",55140.94,82749.22,247460.73,208897.82,135788.83,175807.21,59241.09,345936.41,265278.81,396812.07,390513.92
"Q12933","TRAF2",NA,"K.FPLTCDGCGK#K.K",69547.31,95060.97,105505.45,68412.81,70549.59,131372.76,69606.08,81468.61,101561.18,107411.25,107671.14
"P28562","DUSP1",NA,"K.LDEAFEFVK#QR.R",100184.47,89364.23,406225.95,241384.23,2685043.97,1517127.05,419697.78,495943.14,740637.86,2024224.15,8291603.76
"Q9NR28","DIABLO",NA,"R.NHIQLVK#LQVEEVHQLSR.K",48846.69,65717.12,147324.51,128862.98,73494.71,120284.21,66571.41,177502.7,179279.41,225763.85,222938.21
"Q13114","TRAF3",NA,"R.HLGDAFK#PDPNSSSFK.K",45085.14,36747.76,79100.09,51528.23,43151.52,67662.28,57631.83,58282.73,83115.99,81156.78,98903.27
"P67809","YBX1",NA,"K.VLATK#VLGTVK.W",66303.92,84283.93,87007.72,43062.81,71961.91,77998.08,45051.97,66266.63,75253.17,63993.17,95986.1
"P67809","YBX1",NA,"K.GAEAANVTGPGGVPVQGSK#YAADR.N",98665.24,30541.3,57092.19,32659,64735.22,66202.06,41464.06,36116.04,51982.15,41718.65,47872.64
"P54252","ATXN3",NA,"K.LIGEELAQLK#EQR.V",502388.26,625508.8163,581663.7405,558243.6733,646577.5921,517742.5597,764109.1615,694476.4061,841823.28,707663.6587,737784.3444
"Q92994","BRF1",NA,"K.AK#GGLASLAK.D",12509.31,12514.08,59034.16,47474.45,23376.07,34275.76,17312.31,55065.65,54980.08,70207.33,59128.02
"O95140","MFN2",NA,"R.NAELDPVTTEEQVLDVK#GYLSK.V",22369.79,24610.82,40484.82,34284.65,31663.11,35508.19,27078.98,63851.01,77577.25,78253.61,93606.85
"Q13535","ATR",NA,"K.APLNETGEVVNEK#AK.T",33943.10881,29390.86308,118450.6384,121876.0349,56544.10077,74548.73848,52774.25124,191911.4619,234466.7114,221574.9273,231767.188
"P46821","MAP1B",NA,"R.SPDEEDYDYESYEK#TTR.T",282668.5617,435706.8104,375500.0039,320708.9591,471570.2561,481028.0079,639704.563,482630.2967,539157.234,683760.3968,441314.8847
"P27694","RPA1",NA,"R.FIVNTLK#DGR.R",122220.4817,84317.0538,311448.2192,267871.1539,169704.8382,204409.5407,82578.53418,332654.6996,303523.7068,436742.5486,396719.3444
"P46821","MAP1B",NA,"K.TTK#TPEDGDYSYEIIEK#TTR.T",53401.24,102376.2,81443.99,54454.26,90619.05,113384.35,83949.22,74894.42,153679.18,110834.8,95429.59
"Q92844","TANK",NA,"K.TDK#QEALFK#PQAK.D",208575.6645,216218.1442,183618.6081,93421.85299,184747.0918,315387.5951,257951.3564,92045.99956,127897.4113,116020.6188,145988.3647
"Q13490","BIRC2",NA,"K.ILTTGENYK#TVNDIVSALLNAEDEK#R.E",83752.04,120638.27,199465.99,99848.95,133831.48,260379.16,118097.24,175826.52,117647.21,150429.99,230411.69
"P57078","RIPK4",NA,"R.EPSTSDLGTTDVQK#K.K",34989.68416,30480.19161,178985.8779,149614.6456,83724.40779,86878.57646,54858.24445,183171.6292,219899.0036,223430.8349,204525.351
"P42574","CASP3",NA,"R.NLK#YEVR.N",31642.08,19916.66,106983.52,85296.22,80413.48,113317.78,43127.71,108884.66,112392.89,205569.41,170449.98
"P04035","HMGCR",NA,"R.VLEEEENK#PNPVTQR.V",112348.46,26538.86,71018.61,68460.31,98371.41,44040.08,230117.22,156828,192853.28,179227.79,391803.53
"P55060","CSE1L",NA,"K.IIIPEIQK#VSGNVEK.K",52047.80652,65519.532,199912.8987,224818.2194,128120.7338,156431.2873,68928.48736,330092.5738,297111.6981,458511.1825,430189.086
"P16949","STMN1",NA,"K.NK#ESKDPADETEAD.-",91003.45,61081.55,102814.91,62467.97,69775.13,115766.04,76936.85,97010.24,78078.64,94005.28,82295.08
"Q96HS1","PGAM5",NA,"R.HLPGVCK#VSTDLLR.E",16638.34,28571.39,42577.08,34977.39,24261.28,27618.74,19871.09,53532.26,69261.04,69324.08,79140.32
"Q00987","MDM2",NA,"K.LLK#SVGAQK.D",85475.26,75799.33,235987.96,172983.96,110212.52,126919.4,112646.63,193633.57,187104.57,281840.33,333769.16
"P46821","MAP1B",NA,"K.ITSFPESEGYSYETSTK#TTR.T",41829.03,54223.55,64053.76,43794.38,60187.61,67287.51,62883.27,61183.41,93738.37,88409.43,77836.41
"P46821","MAP1B",NA,"R.DLSTPGLEK#DSGGK.T",515308.1484,470656.4118,742038.214,652720.5566,574465.4645,575445.4203,694515.7535,1060402.839,1058231.835,1525636.67,1103355.382
"P67809","YBX1",NA,"R.EDGNEEDK#ENQGDETQGQQPPQR.R",19702.9947,902.4747,11305.6593,17682.1107,9138.4042,3312.9956,5986.5252,12767.2359,8430.6661,8605.3407,9510.8353
"Q8IWA4","MFN1",NA,"R.NK#AVQLENELENFTK.Q",48238.33,64337.2,120293.42,132651.97,99961.1,64519.38,82249.02,147094.15,226371.69,205370.8,334789.04
"Q13535","ATR",NA,"R.LQGVIK#TR.N",300353.2845,310182.0948,324296.5518,216012.0985,157905.0097,252649.5936,285271.616,287852.2416,293370.2315,292556.9659,297767.9642
"P04637","TP53",NA,"R.LGFLHSGTAK#.S",28497.58,29410.48,58543.65,73145.1,43742.52,35449.59,40642.05,52050.13,53186.06,59614.02,42016.22
"Q13490","BIRC2",NA,"R.DLVK#QTVQSK.I",132942.1829,176134.8413,225893.2823,131870.6421,177535.7432,297614.6061,119270.8019,213928.9162,176922.3909,221351.5113,253514.001
"Q13490","BIRC2",NA,"K.TVNDIVSALLNAEDEK#REEEK.E",114309.5,111185.5,1883181.7,895851.6,1021879.4,1662131.4,1233300.5,1701184.6,1083463,1637802.9,1947095.7
"Q99741","CDC6",NA,"K.K#AGSLYLSGAPGTGK.T",15107.07,14340.95,70324.75,54958.21,35105.91,33980.15,12769.5,86202.76,83776.03,126157.61,184908.88
"Q13535","ATR",NA,"K.VK#DDSDIVK.K",63063.24,60103.07,247263.28,235115.8,71908.18,99315.6,114541.37,415713.11,430234.11,439192.54,418877.98
"P16949","STMN1",NA,"K.DK#HIEEVR.K",307610.1525,301469.5764,993307.2479,594442.587,99533.78072,340060.1788,358707.3126,692000.7266,567060.096,717321.1477,690889.9411
"Q13535","ATR",NA,"R.ALVAAK#SVK.L",23036.0763,18579.01044,62818.71354,52140.72928,22610.11441,31627.20505,40952.4155,116583.1997,131142.3348,133852.9091,138890.8489
"P46821","MAP1B",NA,"K.LK#HLDFLK.Q",9889.864,18182.75,16400.439,15605.692,7802.795,14450.496,18185.988,29349.818,31975.034,36298.572,29522.41
"P67809","YBX1",NA,"K.EDVFVHQTAIK#K.N",1942643.164,1612933.004,2515670.715,1056064.4,2105843.61,2112985.917,1486988.439,1478269.163,1764525.338,1467419.97,2485672.875
"P28562","DUSP1",NA,"R.VK#LDEAFEFVK.Q",248705.8,281568.6,387091.7,269585.6,3307885.9,1868267,1946264.9,508409,655981.4,2022337.6,8059860.8
"Q9NR28","DIABLO",NA,"K.AETK#LAEAQIEELR.Q",100338.3061,149055.8353,148246.2653,127090.8024,127987.7568,160698.7442,107634.9377,145557.6478,162418.9762,172763.0193,153314.6082
"P04035","HMGCR",NA,"R.GK#SVVCEAVIPAK.V",21877.71252,20990.41955,58214.66171,53377.21492,33643.72096,33965.08452,25800.6302,80828.33349,114660.2411,100171.6842,144451.6681
"P27694","RPA1",NA,"K.AYGASK#TFGK.A",124316.4893,59129.1122,133644.4257,94872.50617,128457.7391,124709.4932,41523.3111,124485.2059,88574.72719,148641.4247,182233.6798
"P27694","RPA1",NA,"R.CEK#CDTEFPNFK.Y",79597.03,62915.14,437486,376077.07,227386.65,319983.67,92670.77,497474.29,369548.47,675506.78,618440.65
"O43395","PRPF3",NA,"R.TVDATGK#EIELTHR.M",32077.21,27179.05,94459.41,82560.9,62316.14,46737.21,29691.98,81006.59,85381.5,107274.6,149760.27
"Q9Y6D9","MAD1L1",NA,"K.QVESAELK#NQR.L",89281.95,51861.53,222435.91,230411.25,267742.96,128960.32,53107.31,221597.81,225832.64,350689.92,394747.77
"Q99741","CDC6",NA,"K.IEEK#EIEHALK.D",9194.568,7580.725,66491.374,81300.076,31579.995,13859.992,16243.163,95112.303,87492.116,126957.008,218235.874
"Q9Y6K9","IKBKG",NA,"K.LK#ASCQESAR.I",283645.06,92411.56,334941.16,394028.62,247993.31,299127.5,287614.71,411941.28,303413.13,520196.15,499890.28
"Q13490","BIRC2",NA,"K.ILTTGENYK#TVNDIVSALLNAEDEK.R",126864.7565,107751.4677,264099.8932,145437.0779,214956.3942,380210.3379,237735.1199,278731.9769,186274.7922,292881.766,359384.4091
"Q13535","ATR",NA,"R.ELGSATPEEYNTVVQK#PR.Q",34547.83367,29053.19435,112021.3751,115044.7378,61061.2981,64576.44576,54291.95753,217134.1808,283233.5241,246525.0202,264847.5002
"Q9Y6D9","MAD1L1",NA,"R.SK#SHLIQVER.E",109266.86,52172.74,171739.73,130725.42,106092.72,98069.04,50209.94,133508.66,134359.91,165682.42,227199.71
"Q13546","RIPK1",NA,"K.DLK#PENILVDNDFHIK.I",25929.23,44747.36,140077.84,134200.32,50996.86,72902.32,51466.96,205391.24,231676.48,293796.28,385467.67
"Q12933","TRAF2",NA,"K.GTLK#EYESCHEGR.C",216485.4,106917,168899,140623.1,112964.6,172119.1,166061.5,158346.3,173119,184835,189613
"P46821","MAP1B",NA,"K.SPSDSGYSYETIGK#TTK.T",179745.4,193326.8,201525.4,174959.2,214746.9,293309.8,254606.8,246494.9,242757.7,357990.4,259558.7
"P27694","RPA1",NA,"K.IANK#QFTAVK.N",99542.45367,63284.04106,311829.4619,305127.5893,144527.1897,189194.2766,69692.64559,406420.7377,341184.5841,510351.3517,479890.7202
"Q96HS1","PGAM5",NA,"R.NVESGEEELASK#LDHYK.A",440932.7376,669743.2252,813956.6302,386921.9084,312078.3505,1388785.732,918688.9113,383354.5495,270736.8433,526618.8701,823750.1644
"P00533","EGFR",NA,"K.VK#IPVAIK.E",44125.12,48391.67,47446.3,35153.61,29575.18,49519.04,76932.58,60604.97,58873.28,76740.34,60300.98
"Q66K74","MAP1S",NA,"R.GPVPAKPTVLFEK#MGVGR.L",16611.22,20871.55,51875.16,42694.92,21478.59,34438.6,19023.99,65036.22,62359.78,106091.84,102259.15
"P04035","HMGCR",NA,"R.SK#INLQDLQGACTK.K",50221.35,32329.46,149413.62,133681.1,64888.53,67177.19,59068.62,210653.39,211764.72,261648.69,365918.35
"Q13535","ATR",NA,"R.TLQVLLPDLAAK#ASPAASALIR.T",27992.73,45339.32,60734.99,50755.28,36994.91,39334.84,43567.74,108032.2,118969.1,97950.79,104892.49
"P27694","RPA1",NA,"R.QPVLAIK#GAR.V",56511.87552,50997.09978,281695.2489,304832.8893,124735.5931,203124.1198,98492.01134,358189.3999,281709.8616,456833.6751,382283.4306
"Q12933","TRAF2",NA,"R.EK#FQDHVK.T",106989.53,74855.16,131624.21,77430.51,62903.85,112437.55,68464.61,91278.94,85291.88,102992.5,101055.49
"Q92844","TANK",NA,"K.TDK#QEALFKPQAK.D",436710.7592,376643.0736,554446.1852,298382.5221,377032.4186,653950.3952,505165.1511,405370.2565,407680.7156,452266.5027,510053.2969
"Q9NR28","DIABLO",NA,"R.KAETK#LAEAQIEELR.Q",56144.77652,68809.45103,103759.9109,73216.72972,76307.31027,128077.7387,74682.875,107451.5037,95812.54938,122905.0616,111522.2754
"P16949","STMN1",NA,"R.SK#ESVPEFPLSPPK.K",129533.88,89686.27,128565.61,86840.46,100338.82,115239.84,90374.64,103688.67,114068.66,129367.52,147426.36
"P46821","MAP1B",NA,"R.TSDVGGYYYEK#IER.T",110979.2583,150366.0029,192717.274,158216.143,189932.279,211497.428,215790.8383,251986.4392,282214.0337,400820.8878,306718.6943
"Q9BQE4","SELENOS",NA,"K.K#PQEEDSPGPSTSSVLK.R",129309.32,68100.23,97328.82,82445.08,97352.68,108383.2,115307.4,98230.65,117788.73,113959.95,152465.32
"Q9Y4K3","TRAF6",NA,"R.TFIK#DDTLLVR.C",100600.86,79339.34,358803.3,326660.93,141666.65,248765.25,140827.12,405420.88,382118.2,566609.2,565476.9
"Q13077","TRAF1",NA,"K.LQSPK#HAYVK.D",44557.25414,58630.83089,70764.52257,59534.24094,46120.18417,90270.79086,62090.8544,81048.64174,71459.47164,94036.74424,86688.17665
"P15927","RPA2",NA,"R.HAEK#APTNIVYK.I",46027.46811,29718.00674,161844.2646,148691.2091,71690.96012,93784.58727,48792.77262,188624.3791,178137.7117,308796.7538,303796.0038
"Q13490","BIRC2",NA,"K.EK#QAEEMASDDLSLIR.K",339316.2,311159.7,573584.7,289778.5,383685.6,444526.4,454601,317210.1,357966.8,453551,598400.8
"P27694","RPA1",NA,"K.DSLVDIIGICK#SYEDATK.I",60840.72,99141.81,615416.41,584295.03,269529.14,351139.32,90220.42,696449.12,651144.25,895960.19,845252.02
"P27694","RPA1",NA,"K.DK#NEQAFEEVFQNANFR.S",295224.2,162920.8,1537509.6,1442687.1,948171.8,996418.7,350127.2,1889767.1,1405472.5,2947866.6,2382872.1
"P46821","MAP1B",NA,"K.TPEDGDYSYEIIEK#TTR.T",404259.6532,558141.1889,636813.7676,492792.7065,626961.0412,696359.9547,723593.3154,647338.7799,742566.0598,1060546.661,807035.637
"Q92844","TANK",NA,"R.DNPGNFVK#TEETLFEIQGIDPIASAIQNLK.T",39305.87182,63942.79669,38995.3832,22749.33275,38693.83776,55801.08143,67492.04407,39184.40749,50378.52607,42588.87873,50827.88052
"P04637","TP53",NA,"K.K#GEPHHELPPGSTK.R",49723.10172,30382.05335,123620.4419,95584.1447,49321.4489,59043.9549,44283.06751,97203.38527,100447.0173,116156.2368,118350.8497
"Q9NR28","DIABLO",NA,"R.QK#TQEEGEER.A",3673390,2758628,3024620,4873178,5230679,2351494,2161662,4571243,3953806,2847749,9639862
"P55210","CASP7",NA,"K.CIIINNK#NFDK.V",20608.38,28495.1,85726.32,80431.55,41585.03,66083.92,30412.19,104473.3,108931.1,164453.4,147939.96
"P04637","TP53",NA,"R.ELNEALELK#DAQAGK.E",60638.05432,71600.85434,326940.3973,193024.7619,166440.2232,195391.2841,82345.73117,199168.8782,236267.2067,234842.9018,266151.8082
"P46821","MAP1B",NA,"K.TPGDFSYAYQK#PEETTR.S",46931.46707,42905.1024,73177.18528,56223.31593,71477.16443,71503.48944,73273.87989,92400.91086,112633.3037,101322.4671,102982.4509
"P31350","RRM2",NA,"K.GLSLVDK#ENTPPALSGTR.V",41352.16,36545.57,92689.24,83820.37,76461.55,55209.39,43933.4,103826.26,116648.48,136770.33,190138.97
"Q9Y6K9","IKBKG",NA,"K.LK#EEAEQHK.I",652411.0453,269392.6101,413571.5348,716415.6912,265182.1689,563744.4103,621961.0874,895491.0058,674776.3219,714126.7653,831017.1221
